date,growth,term,inflation,credit,buyout,vc,fof_secondary,fof_primary,senior_loan,mezzanine,apac_equity,hfri_fof_cons,msci_gpfi,re_noncore,gl1,gl2,epra_nareit,infra_core,ftse_fi_infra
2000-03-31,,,,,0.1103,0.1533,,0.0053,,0.0114,0.0383,0.04865606081,,0.0334,,,-0.0248,,
2000-06-30,,,,,-0.0009,0.0751,,0.0363,,0.0159,-0.0852,-0.005555923358,,0.0566,,,0.03609515997,,
2000-09-30,,,,,-0.0295,0.1497,,0.0089,,0.0368,-0.0453,0.008535962493,,0.0114,,,0.07487133808,,
2000-12-31,,,,,-0.0306,-0.1013,,-0.0575,,-0.0183,-0.0729,0.00568147884,,0.0666,,,0.04821140831,,
2001-03-31,,,,,-0.0635,-0.0899,,-0.0119,,0.0647,0.0091,0.001925033774,,0.0312,,,-0.05046512241,,
2001-06-30,,,,,0.0238,-0.0746,,-0.0608,,0.029,-0.013,0.01535092356,,0.0007,,,0.06015023683,,
2001-09-30,,,,,-0.0809,-0.1505,,-0.0545,,0.0149,-0.0254,-0.0009217344995,,-0.0062,,,-0.09830014485,,
2001-12-31,,,,,-0.0011,-0.0779,,-0.0812,,0.021,-0.0637,0.01446442239,,0.0367,,,0.05973890238,,
2002-03-31,,,,,-0.0023,-0.0948,0.0327,-0.025,,0.0377,0.0141,0.01338580635,,0.0143,,,0.05375961135,,
2002-06-30,,,,,-0.0135,-0.1303,0.0174,-0.0711,,-0.001,-0.0505,0.006507941151,,-0.0043,,,0.0543880478,,
2002-09-30,,,,,-0.0398,-0.0991,-0.0334,-0.0593,,-0.0519,-0.0926,-0.006214228066,,0.0039,,,-0.1007323147,,
2002-12-31,,,,,0.0208,-0.1076,-0.0336,-0.0763,,0.0741,0.0067,0.02179707941,,-0.0077,,,0.02903676894,,
2003-03-31,,,,,0.0042,-0.0468,-0.0072,-0.0315,,0.0151,-0.0443,0.02123096335,,0.0174,,,-0.01731059597,,
2003-06-30,,,,,0.0722,-0.0103,0.0222,0.0201,,0.1353,0.0623,0.02825580562,,0.0134,,,0.1443678202,,
2003-09-30,,,,,0.0434,-0.0305,0.0398,0.0027,,0.0588,0.1035,0.01147597744,,0.0165,,,0.1185413935,,
2003-12-31,,,,,0.126,0.0167,0.1883,0.0826,,0.0755,0.1521,0.02633262933,,0.057,,,0.1185188846,,
2004-03-31,,,,,0.0159,0.0152,0.0362,-0.0121,,0.0351,0.1377,0.02380591552,,0.0184,,,0.13489849,,
2004-06-30,,,,,0.0519,0.003,0.0483,0.0245,,0.0313,0.0265,-0.006528520207,,0.0296,,,-0.04127335532,,
2004-09-30,,,,,0.0237,0.0653,0.0474,0.0242,,0.0452,0.0377,0.004730367859,,0.0038,,,0.07574395006,,
2004-12-31,,,,,0.1543,0.0597,0.1506,0.0959,,0.101,0.1219,0.03556498913,,0.1702,,,0.1786993291,,
2005-03-31,,,,,0.0083,-0.0048,0.0063,-0.0086,,0.0261,0.0387,0.009187524789,,0.0283,,,-0.04920725709,,
2005-06-30,,,,,0.0884,0.026,0.0593,0.0106,,0.0082,-0.0133,-0.003125409391,,0.0617,,,0.09286735229,,
2005-09-30,,,,,0.0617,0.0431,0.0715,0.0437,,0.0541,0.0107,0.02997992055,,0.0581,,,0.0607605862,,
2005-12-31,,,,,0.0842,0.0188,0.1326,0.0873,,0.0155,0.1157,0.0145507867,,0.117,,,0.04653653595,,
2006-03-31,,,,,0.0521,0.043,0.0201,0.0307,,0.0541,0.0251,0.03930629359,,0.0213,,,0.1398514851,,
2006-06-30,-0.00787832314,-0.003924238178,0.01006337761,-0.004573015812,0.0814,0.0041,0.0571,0.04,,0.0706,0.0294,0.006304622995,,0.0406,,,-0.003695815585,,
2006-09-30,0.04495924901,0.04627135678,-0.02101942286,0.003836585891,0.0321,0.0145,0.0394,0.0286,,0.0283,-0.0008,0.004645001105,,0.0343,,,0.09918613993,,
2006-12-31,0.09064749323,0.005686621072,-0.02014985951,0.008057763786,0.1756,0.0914,0.1077,0.0696,,0.0764,0.1133,0.03935470222,,0.1758,,,0.140400272,-0.0407,
2007-03-31,0.02478046605,0.01623748758,0.004152390573,-0.001072432161,0.0543,0.0115,0.0364,0.042,,0.0474,0.0411,0.03123962591,,0.1033,,,0.06222622246,0.0054,
2007-06-30,0.07228083045,-0.013496748,0.008819533246,-0.0001072797129,0.1117,0.0789,0.0672,0.0641,,0.0586,0.1631,0.03294097254,,0.0523,,,-0.05851274531,0.0344,
2007-09-30,0.03471910148,0.04714176829,-0.01051105685,-0.02972102444,0.0283,0.0236,0.0795,0.0499,,-0.0083,0.0799,-0.004483401503,,-0.0012,,,0.03655675492,0.0002,
2007-12-31,-0.01791971422,0.04971430651,-0.008512823606,-0.02919929093,0.0369,0.0386,0.0523,0.0562,,-0.0351,0.1033,0.01541641216,,0.0075,,,-0.1024585096,0.0967,
2008-03-31,-0.09281741789,0.06174808446,-0.01824570057,-0.0608920029,0.0035,-0.0136,0.0117,0.0071,,-0.0373,-0.0756,-0.02856439868,0.013174,0.0143,,,-0.05629264027,0.0354,
2008-06-30,-0.01575873016,-0.03167450366,0.03514015833,0.01760493764,-0.0159,-0.0057,-0.0065,-0.0083,,0.0435,-0.0411,0.01681044692,0.00666,-0.0239,,,-0.08559767948,0.0308,
2008-09-30,-0.1660724704,0.02262763877,-0.06109097769,-0.1102223972,-0.1017,-0.03,-0.0339,-0.0703,,-0.1325,-0.0909,-0.08355674431,-0.079068,-0.0995,,,-0.1041057856,-0.0922,
2008-12-31,-0.2236794607,0.1220445177,-0.1466239586,-0.07162042716,-0.1887,-0.1139,-0.161,-0.1435,,-0.1982,-0.1738,-0.1147497582,-0.154965,-0.269,,,-0.3237853208,-0.1083,
2009-03-31,-0.1070302838,-0.01331334862,0.06886951787,-0.007294723,-0.0477,-0.0253,-0.0282,-0.0421,,-0.0426,-0.0038,0.007082346038,-0.111865,-0.1156,,,-0.2209459537,-0.0706,
2009-06-30,0.2225593238,-0.05039764096,0.0638003956,0.1620925436,0.0537,0.0115,-0.0242,-0.0116,,0.2705,0.148,0.03874805036,-0.021386,-0.1236,,,0.3590563804,0.0405,
2009-09-30,0.178634233,0.02700668111,0.0007359896519,0.06403716385,0.0798,0.0173,0.0257,0.0402,,0.1758,0.0744,0.03681056858,-0.023272,-0.0386,,,0.2508197431,0.019,
2009-12-31,0.04626496198,-0.02345611142,0.04179561203,0.04076541573,0.0649,0.043,0.0725,0.0506,,0.0867,0.1164,0.01094270905,-0.002224,-0.1196,,,0.04395485554,-0.002,
2010-03-31,0.03130761881,0.0152624007,-0.009849810449,0.01431680533,0.0273,0.005,0.0169,0.0106,,0.055,0.0394,0.01699717229,0.005386,0.0051,,,0.03965524386,-0.0115,
2010-06-30,-0.1212127253,0.07741359128,-0.04238021896,-0.02585471019,0.0015,-0.0011,0.0211,-0.0104,-0.0188,-0.0172,0.0114,-0.01500874123,0.002125,0.0343,,,-0.07886408928,-0.0019,0.04366505954
2010-09-30,0.1433971852,0.04486061472,-0.02250756979,0.01692666176,0.0689,0.0408,0.0613,0.0662,0.0638,0.0502,0.1076,0.02250433747,0.092945,0.0559,,,0.1844076274,0.0878,0.04287022672
2010-12-31,0.08727137959,-0.04307136603,0.04025789846,0.01773177714,0.0755,0.0836,0.0985,0.0743,0.0423,0.0609,0.1137,0.02582855672,0.04757,0.0841,,,0.06151272047,0.016,-0.01642475699
2011-03-31,0.04422693018,-0.002116099506,0.02280635424,0.01231644893,0.0625,0.0341,0.0421,0.0479,0.0261,0.051,0.013,0.01090527651,0.041149,0.0495,,,0.0304332863,0.0587,0.01156727768
2011-06-30,0.002491931794,0.0379699679,-0.003954080768,-0.008171287683,0.0563,0.0697,0.0458,0.0489,0.009,0.009,0.0136,-0.007732852308,0.04277,0.0513,,,0.02942090023,0.0314,0.02809112476
2011-09-30,-0.1742331169,0.1011291792,-0.05988987232,-0.05577933794,-0.0642,-0.0061,0.0115,-0.0266,-0.0718,-0.1002,-0.0703,-0.03907465558,-0.008094,0.0035,,,-0.1730116604,-0.1074,0.05465434926
2011-12-31,0.07183230601,0.01353926386,0.01095081634,0.009245250655,0.0355,0.0264,0.0197,0.0132,0.0463,0.0358,0.0047,0.0005816658911,0.032949,0.0379,,,0.0736300295,0.0137,0.02549801817
2012-03-31,0.1187635451,-0.01630219671,0.0263280879,0.03888322648,0.0624,0.0508,0.0261,0.039,0.0584,0.0726,0.049,0.02474305057,0.030824,0.0229,0.007289,0.0171654,0.1289720241,0.0877,0.004857810441
2012-06-30,-0.05561900846,0.04941531498,-0.02111936393,-0.01405378207,-0.0027,-0.001,0.0196,0.004,0.004,0.0059,-0.0216,-0.01728938751,0.009094,0.0144,0.007421,0.0231417,0.02117756725,-0.0055,0.0340787702
2012-09-30,0.06835527984,0.01025641026,0.01014374278,0.0305755336,0.037,0.008,0.0267,0.0204,0.0648,0.0507,0.0354,0.01815329443,0.027383,0.0238,0.011528,0.0177388,0.05505828806,0.0306,0.04147687961
2012-12-31,0.02882230352,-0.001257175389,0.007918977555,0.01552103286,0.0448,0.031,0.0476,0.0272,0.0163,0.0276,0.0526,0.01643341002,0.018906,0.037,0.019803,0.0259903,0.05767064316,0.0055,0.01154423123
2013-03-31,0.06502495402,2.375014902e-05,-0.003631541762,0.001576483239,0.0302,0.0373,0.0093,0.0157,0.0076,0.0546,0.0346,0.02771370305,0.008924,0.0218,0.018125,0.0258241,0.0626097083,-0.0163,-0.003593100214
2013-06-30,-0.004231941465,-0.04175176934,-0.02842066781,-0.005863255049,0.0351,0.0484,0.0229,0.0196,0.0034,0.0276,-0.0152,0.008089670457,0.000813,0.0341,-0.01201,0.0193642,-0.03629999492,0.0321,-0.04011748102
2013-09-30,0.07903815019,-4.95687523e-05,0.007877507428,0.007311277293,0.0566,0.0861,0.0373,0.0446,0.0406,0.0344,0.0345,0.01234748866,0.045818,0.0343,0.015674,0.0047014,0.02439945115,0.0528,0.0003703521206
2013-12-31,0.07312362506,-0.01945669955,-0.0008784578013,0.02679946714,0.0717,0.0993,0.0742,0.0724,0.0285,0.0451,0.0949,0.02683371531,0.024718,0.0727,0.006925,0.0344505,-0.004893191581,0.0441,0.01504693627
2014-03-31,0.01084832126,0.02644018099,-0.006578037159,0.01000800142,0.0339,0.0359,0.0212,0.0299,0.0293,0.0337,0.0339,0.01304342469,0.032529,0.0249,0.021222,0.0250983,0.0401442307,0.0346,0.0394132122
2014-06-30,0.05040188604,0.02489718521,0.01259784843,0.009380281572,0.0488,0.0377,0.0386,0.0486,0.0208,0.0338,0.0437,0.01303697684,0.037198,0.042,0.018332,0.0118294,0.07875876134,0.0208,0.0380519945
2014-09-30,-0.02305029756,0.004685472632,-0.02534635013,-0.00661750369,-0.0088,0.0254,0.0129,0.0023,-0.0071,-0.0213,0.0314,0.002459693422,0.002207,0.0295,0.016005,0.0423623,-0.04433127586,-0.0273,-0.0008458107343
2014-12-31,0.004127711415,0.03125822113,-0.03075528842,-0.01064553834,0.0224,0.0789,0.025,0.0427,0.0044,-0.0094,0.0438,0.002541486851,0.009865,0.05,0.016398,0.0373498,0.08073157655,-0.0146,0.01542406561
2015-03-31,0.02306545528,0.02534786642,-0.01086293135,0.005095986817,0.0114,0.0335,0.0086,0.0139,-0.0152,-0.0006,0.0417,0.0191631545,-0.001298,0.0228,0.013117,0.0169166,0.04169574107,-0.0634,0.03255452805
2015-06-30,0.003479972909,-0.02431411576,0.01481645008,-0.005595811919,0.0588,0.0491,0.0604,0.0519,0.0323,0.013,0.0556,0.002785194858,0.046647,0.0374,-0.005153,0.0268116,-0.06671553096,0.0769,-0.04004583948
2015-09-30,-0.09449924084,0.02976494042,-0.04106342746,-0.01762197437,-0.0005,-0.0056,0.0101,0.0013,0.0026,-0.04,-0.0515,-0.01796094543,0.008301,0.0156,0.015671,-0.0308285,-0.01421158739,0.0056,-0.009732842736
2015-12-31,0.05028970394,-0.01346179821,0.006974864908,0.01004413663,0.0233,0.0242,0.0003,0.0244,0,-0.0242,0.0746,1.653178202e-05,0.029536,0.0294,0.003214,0.0483364,0.0439956207,-0.0059,-0.02976230366
2016-03-31,0.002381892614,0.04673238408,-0.002366197633,-0.001185240706,0.0229,-0.0263,0.0033,0.0042,0.0288,0.0087,-0.0072,-0.02078738033,0.028974,0.0197,0.03203,0.0457854,0.05432644158,0.0351,0.06042710691
2016-06-30,0.009888596168,0.02757673526,-0.01121046227,0.01122777406,0.027,0.0032,-0.0008,0.009,0.0136,0.0172,0.0162,0.005244364469,0.000611,0.0102,0.021784,0.0244307,0.03743821818,0.0057,0.06810678859
2016-09-30,0.05301818089,-0.005176400704,0.01511940757,0.01856274826,0.0451,0.0292,0.0196,0.0283,0.0292,0.0366,0.0339,0.01840753051,0.016867,0.0219,0.000498,0.0240014,0.01455642705,0.0141,0.02327742544
2016-12-31,0.01189455216,-0.05559465165,0.03492095311,0.01811778253,0.0305,0.0063,0.0321,0.0246,-0.0026,0.0384,0.0074,0.01638263978,0.002818,0.0187,-0.024797,0.0128928,-0.05394017582,0.0159,-0.02374480985
2017-03-31,0.06908210638,0.009438648783,0.00301471672,0.004910478423,0.0438,0.0308,0.0253,0.0265,0.0257,0.0259,0.0576,0.01211272792,0.030101,0.0297,0.020064,0.0245567,0.02296601053,0.0701,0.01354890378
2017-06-30,0.04273191853,0.01400322119,-0.01815949992,0.01015778135,0.0675,0.0195,0.0536,0.0417,0.0353,0.0304,0.0459,0.003717443514,0.030033,0.0438,0.02111,0.0323816,0.03005515045,0.0529,0.02956820483
2017-09-30,0.05182074854,0.004500330907,0.003601329741,0.01030860028,0.0443,0.0374,0.0424,0.038,0.0224,0.0369,0.0538,0.01315217864,0.032767,0.0326,0.010726,0.0445755,0.01839570092,0.0524,0.01428353426
2017-12-31,0.05730077311,-0.002569508502,0.01517690363,0.009402554905,0.0566,0.0378,0.0714,0.0458,0.0301,0.0327,0.0628,0.01159567239,0.026805,0.042,0.003593,0.0271523,0.038305314,0.0453,0.01714096932
2018-03-31,-0.009615806456,-0.01864940441,0.01109259661,-0.009538247776,0.0294,0.0432,0.0262,0.0379,0.0139,0.0195,0.0211,0.005607332938,0.023378,0.0287,-0.0037666,0.0261953,-0.04304568805,0.0512,-0.02547507684
2018-06-30,0.00533610488,-0.001032084362,0.008657929091,-0.006931408083,0.043,0.064,0.0343,0.0399,0.0093,0.0162,0.0388,0.01084530079,0.000277,0.0123,0.006145,0.0266456,0.05450913936,-0.0049,-0.01373266894
2018-09-30,0.0427686468,-0.007928308329,-0.0004249141888,0.01648054192,0.0356,0.0693,0.041,0.0261,0.0186,0.0225,0.0113,0.007860750435,0.015072,0.0182,0.001696,0.026862,-0.00154043906,0.0204,0.01289020243
2018-12-31,-0.1275185851,0.03749066129,-0.0393002625,-0.03173022438,-0.0102,0.0128,-0.0074,-0.0029,0.007,-0.0085,-0.0011,-0.03236675727,0.005443,0.0146,0.022397,0.0248647,-0.05456359063,0.0094,-0.007376639754
2019-03-31,0.1217505868,0.028673053,0.003773410192,0.03001153287,0.0457,0.0697,0.0194,0.0345,0.0183,0.0252,0.0497,0.03137820557,0.017625,0.0176,0.027374,0.0178264,0.1485803551,0.0254,0.05771753695
2019-06-30,0.036118782,0.03951973866,-0.01079927305,0.01188143564,0.0445,0.0876,0.0416,0.0287,0.0231,0.0136,0.0168,0.0146903303,0.007897,0.0233,0.031999,0.0216188,0.0020217714,0.0153,0.04371675311
2019-09-30,-0.0002588858453,0.02724267406,-0.01432050639,0.001917768269,0.0167,0.0004,0.0217,0.0087,0.0116,-0.001,0.012,-0.0005032900106,-0.00266,0.0175,0.023157,0.0214533,0.04866833603,-0.0183,0.0344451268
2019-12-31,0.08951047872,-0.01229662885,0.02016914267,0.02436685999,0.0576,0.0592,0.057,0.0413,0.0185,0.0384,0.0414,0.01626246936,0.036252,0.0355,-0.000828,0.0185915,0.01964165911,0.0462,0.00731060697
2020-03-31,-0.2136521504,0.101468222,-0.0776216405,-0.1327479864,-0.1005,-0.0385,-0.0631,-0.0473,-0.0411,-0.1454,-0.059,-0.07192684558,-0.033071,-0.0528,-0.009248,0.0062294,-0.2833523053,-0.0463,-0.07383295659
2020-06-30,0.1921891878,0.008929060532,0.03276370255,0.09690504706,0.098,0.1189,-0.0045,0.08,0.0224,0.0885,0.1024,0.05568012196,0.000603,-0.0034,0.042736,0.0148317,0.1032995955,0.035,0.1374193266
2020-09-30,0.08130266842,0.002787128533,0.02739863093,0.01696444488,0.1142,0.1509,0.0822,0.0878,0.0495,0.0554,0.0967,0.02671963422,0.023018,0.0309,0.017447,0.0159315,0.02325774167,0.0509,0.01131931879
2020-12-31,0.1468428863,-0.01312084898,0.0296207357,0.03831186699,0.1308,0.3329,0.2081,0.1805,0.0519,0.0755,0.1766,0.05838762081,0.04346,0.0416,0.0116279,0.0173105,0.13486409,0.0696,0.04325452646
2021-03-31,0.04571390441,-0.05740568022,0.04291996653,0.005172965423,0.0878,0.1752,0.0707,0.1528,0.0167,0.0759,0.0459,0.03593952817,0.015851,0.0207,-0.01222,0.0201624,0.0610937318,0.0069,-0.05095308503
2021-06-30,0.07393276027,0.0250281324,0.008431944253,0.01137268131,0.1276,0.1352,0.144,0.0919,0.0306,0.0749,0.0852,0.02169222681,0.037584,0.071,0.0245,0.0227572,0.09421419059,0.0313,0.04343326299
2021-09-30,-0.01054283429,-0.0001514233761,0.01749352805,-0.001059142038,0.0624,0.1061,0.0943,0.0309,0.0171,0.0394,-0.016,0.009750762142,0.037436,0.0865,0.0042,0.0203262,-0.00726398626,0.0173,0.004529662185
2021-12-31,0.06676378858,0.003350749657,0.02015150353,-0.004637016678,0.0665,0.0808,0.081,0.0494,0.0198,0.0363,0.028,0.007001370677,0.067936,0.0924,0.0028,0.0189059,0.1036864288,0.0258,0.0008509981049
2022-03-31,-0.05360797872,-0.06611196016,0.03302772645,-0.01720652855,0.0049,-0.0558,0.004,-0.0244,0.0266,0.0237,-0.0387,0.001578999717,0.058586,0.0579,-0.0441,0.0165523,-0.03768569509,-0.0019,-0.0795435073
2022-06-30,-0.1566049809,-0.0446289674,-0.02075486389,-0.03541909757,-0.0356,-0.133,-0.0333,-0.0455,-0.0129,-0.0171,-0.0112,-0.01710245771,0.039726,-0.0027,-0.0194,0.0188603,-0.1723320818,-0.0121,-0.08599177713
2022-09-30,-0.06819726104,-0.05529944173,-0.001704782446,-0.002929104856,-0.0153,-0.0246,-0.0194,-0.0375,-0.01,0.0103,-0.04,0.002077468149,-7.1e-05,-0.0152,-0.0407,0.0270356,-0.1138675882,-0.0274,-0.04881966389
2022-12-31,0.09762904205,0.009737425298,0.01187129381,0.03117078782,0.037,-0.0778,0.0139,-0.0107,0.041,0.0315,0.0147,0.01449782488,-0.049177,-0.019,0.0122,0.0144203,0.07106913931,0.0852,0.03569601628
2023-03-31,0.07305813437,0.0352930744,0.001685406419,0.00625863389,0.0309,0.0002,0.0153,0.011,0.0334,0.0253,0.0143,0.009201149125,-0.022527,-0.0067,0.0313,0.0099683,0.0103587339,0.0308,0.03851436641
2023-06-30,0.06177278541,-0.0184796574,0.00173808536,0.01248314271,0.0252,0.0043,0.0133,-0.0057,0.0322,0.0241,-0.008,0.0105020652,-0.020174,-0.0119,-0.0074,0.0190482,0.005428566332,0.0193,-0.004167433131
2023-09-30,-0.03402567097,-0.04417828392,0.01394239298,0.007860661565,0.0002,-0.0251,0.0029,-0.0158,0.023,0.0236,0.0014,0.01475318569,-0.016141,-0.0304,-0.0136,0.0115746,-0.05593603386,-0.0076,-0.02993537676
2023-12-31,0.1103435392,0.06648863325,-0.01129257766,0.02894244246,0.0368,0.0136,0.0334,0.0153,0.0397,0.0357,0.023,0.01927171948,-0.03813,-0.0345,0.0459,0.0180451,0.1558707967,0.0443,0.09056117145
2024-03-31,0.08196335249,-0.0142964152,0.01194530201,0.009954587207,0.0119,0.0166,0.0154,0.0069,0.0133,0.0218,-0.0138,0.02602979062,-0.015876,-0.012,0.0029,0.0168461,-0.01047122524,-0.0049,-0.005907968962
2024-06-30,0.02869275643,-0.001541568061,0.009102714142,0.004253845689,0.0137,0.0043,0.0069,-0.0029,0.0276,0.0165,0.0031,0.007868159865,-0.007744,-0.0072,0.010959,0.0182224,-0.02148580261,0.0109,-0.001277884592
2024-09-30,0.06613876405,0.05736528509,-0.01144358737,0.007291836669,0.0301,0.0246,0.0191,0.0181,0.0335,0.0256,0.0331,0.01570773641,0.002664,0.0031,0.046344,0.0032141,0.1633437879,0.0564,0.06404889223
2024-12-31,-0.009888527434,-0.04580042777,0.0145031224,0.01274866088,0.005,0.0402,0.0063,0.0042,-0.004,0.0113,-0.0064,0.01276531222,0.007843,-0.0239,-0.010506,0.0292064,-0.09452014865,-0.0314,-0.02915345302
2025-03-31,-0.01324525533,0.03886027114,0.005132884459,-0.01001407966,0.018,0.0333,0.0121,0.014,0.0317,0.0171,0.016,0.007303026166,,0.0074,0.0323,0.0110708,0.01854582685,0.0307,0.01924291207
2025-06-30,0.1152663629,0.01404564316,-0.007948189357,0.01249439283,0.0432,0.0525,0.0273,0.0381,0.0372,0.0379,0.0379,0.01946508516,,0.017,0.0187,-0.0013313,0.04719610267,0.0819,0.0164058168
2025-09-30,0.07622802947,0.0175747284,0.004672890587,0.01156343509,0.0159,0.0742,0.0255,0.0396,0.0156,0.0203,0.0363,0.02805607544,,-0.0037,,,0.04311918216,0.0078,0.03068180518
2025-12-31,0.03292113712,0.01119913141,-0.009010261129,0.002664860306,0.0194,0.0889,0.0132,0.0359,0.0095,0.0147,0.0278,0.02341932069,,0.0008,,,-0.005008104449,0.017,0.008503110457
2026-03-31,-0.03201564589,-0.002843338037,0.004978082345,-0.00483623114,-0.0092,0.0381,-0.0058,0.0054,-0.0016,0.0114,0.0186,0.01146283634,,-0.0053,,,0.01300854147,-0.0069,-0.003777927318
2026-06-30,0.1492878892,0.001276171481,0.007757173643,0.01186573782,,,,,,,,,,,,,,,
